Part,Qty,Notes,Approx. Cost (USD)
Seeed Studio XIAO RP2040,1,Microcontroller,5.40
Mechanical switches (3x3),9,"e.g. Gateron/Kailh, your choice",4.00
Keycaps,9,,3.00
SK6812MINI-E addressable LEDs,12,Daisy-chained,2.00
SSD1306-style OLED (I2C),1,"0.91"" or 0.96"", confirm your size",3.00
1N4148 diodes,9,"One per switch, matrix",1.00
Custom PCB,1,"KiCad design, see PCB/",5.00
3D-printed case,1,"See CAD/ for STL/design files",3.00
M2/M3 screws + standoffs,4,For case assembly,2.00
USB-C cable,1,For flashing/power,3.00
